Dataset,Male %,Female %,Avg Age,Age Std,Total Patients
Train,56.54003590664273,43.45996409335727,,,22406
Validation,53.8020001183502,46.19799988164981,,,5602
Test,58.14189717143303,41.85810282856696,,,2797
