Dataset,Total Images,Avg Diseases per Image,Max Diseases per Image,No Finding %,Single Disease %,Multiple Diseases %
Train,69625,1.208,9,58.27360861759425,84.89910233393178,15.100897666068223
Validation,16899,1.2049825433457602,9,58.7431208947275,84.97544233386591,15.024557666134092
Test,25596,1.4428035630567275,8,38.724800750117204,69.98749804656977,30.012501953430228
